{
  "temperature": 0.8212406635284424,
  "ECE_before": 0.04903164687734769,
  "ECE_after": 0.03593008297992996,
  "Brier_before": 0.3757680639959472,
  "Brier_after": 0.3736223213728016
}