{
  "color_cast": {
    "AUROC": -0.03621289514913162,
    "F1_macro": -0.042506669094013294,
    "AUPRC": -0.05437685230603795,
    "Sens@95Spec": 0.0
  },
  "down_up_sample": {
    "AUROC": 0.0010211969456398462,
    "F1_macro": 0.0031974884798274816,
    "AUPRC": -0.0004987816920428156,
    "Sens@95Spec": 0.0045045045045045045
  }
}