{
  "gaussian_noise_s1": {
    "AUROC": -0.0013374142735430583,
    "F1_macro": 0.011091508580247045,
    "AUPRC": 0.0014946849163797737,
    "Sens@95Spec": 0.0
  },
  "gaussian_noise_s2": {
    "AUROC": -0.003615297494783176,
    "F1_macro": 0.024270635262357176,
    "AUPRC": -0.005527542033314348,
    "Sens@95Spec": -0.0045045045045045045
  },
  "gaussian_noise_s3": {
    "AUROC": -0.03159021409253582,
    "F1_macro": 0.015851137406991622,
    "AUPRC": -0.04093282512761898,
    "Sens@95Spec": -0.0045045045045045045
  },
  "gaussian_blur_s1": {
    "AUROC": 0.0012453310701124876,
    "F1_macro": 0.002624601447416386,
    "AUPRC": -0.0008249383070793037,
    "Sens@95Spec": 0.0045045045045045045
  },
  "gaussian_blur_s2": {
    "AUROC": -0.0014944809755795818,
    "F1_macro": -0.021924630782706567,
    "AUPRC": -0.00612535908768197,
    "Sens@95Spec": 0.0045045045045045045
  },
  "gaussian_blur_s3": {
    "AUROC": -0.004529115523293381,
    "F1_macro": -0.06097581878946215,
    "AUPRC": -0.016481529694144792,
    "Sens@95Spec": 0.0045045045045045045
  },
  "jpeg_s1": {
    "AUROC": -5.893445824300958e-05,
    "F1_macro": 0.008894337366996019,
    "AUPRC": 0.00642262947968697,
    "Sens@95Spec": 0.0045045045045045045
  },
  "jpeg_s2": {
    "AUROC": 4.8730537993812995e-05,
    "F1_macro": 0.0057499318270822775,
    "AUPRC": 0.0022913539977712505,
    "Sens@95Spec": 0.0045045045045045045
  },
  "jpeg_s3": {
    "AUROC": -0.001756888025350123,
    "F1_macro": 0.02355784924216353,
    "AUPRC": -0.0010476728447488814,
    "Sens@95Spec": 0.0
  },
  "brightness_contrast_s1": {
    "AUROC": -0.015391018099771614,
    "F1_macro": 0.0149976374017039,
    "AUPRC": -0.02790416734795481,
    "Sens@95Spec": -0.0045045045045045045
  },
  "brightness_contrast_s2": {
    "AUROC": -0.086143251876585,
    "F1_macro": -0.03913469890372148,
    "AUPRC": -0.12437960457342473,
    "Sens@95Spec": 0.0045045045045045045
  },
  "brightness_contrast_s3": {
    "AUROC": -0.15592538254192478,
    "F1_macro": -0.11417223492891423,
    "AUPRC": -0.16592138706924664,
    "Sens@95Spec": 0.013513513513513514
  }
}