{
  "Brightness_Q1": {
    "AUROC": 0.01830489883866837,
    "F1_macro": 0.049332463565023466,
    "AUPRC": -0.03665124867324532,
    "Sens@95Spec": -0.0045045045045045045
  },
  "Brightness_Q2": {
    "AUROC": 0.0006317449724984048,
    "F1_macro": -0.044190071987804086,
    "AUPRC": -0.06658837026667941,
    "Sens@95Spec": -0.0045045045045045045
  },
  "Brightness_Q3": {
    "AUROC": -0.014136614887392596,
    "F1_macro": -0.021507392504973355,
    "AUPRC": -0.008476709787235193,
    "Sens@95Spec": -0.0045045045045045045
  },
  "Brightness_Q4": {
    "AUROC": -0.02848414835160551,
    "F1_macro": -0.02227214641656705,
    "AUPRC": 0.047015815009548545,
    "Sens@95Spec": 0.052638352638352634
  },
  "ImageSize_Q1": {
    "AUROC": 0.00013930422368935158,
    "F1_macro": 0.006005479330838892,
    "AUPRC": 0.0011370227843933156,
    "Sens@95Spec": 0.0
  }
}