{
  "AUROC": 0.898497979214526,
  "AUPRC": 0.40406156546234756,
  "F1_macro": 0.2763550044197592,
  "Sens@95Spec": 0.0045045045045045045
}