{
  "color_cast": {
    "AUROC": 0.8622850840653944,
    "AUPRC": 0.3496847131563096,
    "F1_macro": 0.2338483353257459,
    "Sens@95Spec": 0.0045045045045045045
  },
  "down_up_sample": {
    "AUROC": 0.8995191761601659,
    "AUPRC": 0.40356278377030474,
    "F1_macro": 0.27955249289958667,
    "Sens@95Spec": 0.009009009009009009
  }
}