{
  "Brightness_Q1": {
    "AUROC": 0.9168028780531944,
    "AUPRC": 0.36741031678910224,
    "F1_macro": 0.32568746798478265,
    "Sens@95Spec": 0.0
  },
  "Brightness_Q2": {
    "AUROC": 0.8991297241870244,
    "AUPRC": 0.33747319519566815,
    "F1_macro": 0.2321649324319551,
    "Sens@95Spec": 0.0
  },
  "Brightness_Q3": {
    "AUROC": 0.8843613643271334,
    "AUPRC": 0.39558485567511237,
    "F1_macro": 0.25484761191478583,
    "Sens@95Spec": 0.0
  },
  "Brightness_Q4": {
    "AUROC": 0.8700138308629205,
    "AUPRC": 0.4510773804718961,
    "F1_macro": 0.25408285800319214,
    "Sens@95Spec": 0.05714285714285714
  },
  "ImageSize_Q1": {
    "AUROC": 0.8986372834382154,
    "AUPRC": 0.4051985882467409,
    "F1_macro": 0.2823604837505981,
    "Sens@95Spec": 0.0045045045045045045
  }
}