{
  "gaussian_noise_s1": {
    "AUROC": 0.897160564940983,
    "AUPRC": 0.40555625037872733,
    "F1_macro": 0.28744651300000623,
    "Sens@95Spec": 0.0045045045045045045
  },
  "gaussian_noise_s2": {
    "AUROC": 0.8948826817197428,
    "AUPRC": 0.3985340234290332,
    "F1_macro": 0.30062563968211636,
    "Sens@95Spec": 0.0
  },
  "gaussian_noise_s3": {
    "AUROC": 0.8669077651219902,
    "AUPRC": 0.3631287403347286,
    "F1_macro": 0.2922061418267508,
    "Sens@95Spec": 0.0
  },
  "gaussian_blur_s1": {
    "AUROC": 0.8997433102846385,
    "AUPRC": 0.40323662715526826,
    "F1_macro": 0.2789796058671756,
    "Sens@95Spec": 0.009009009009009009
  },
  "gaussian_blur_s2": {
    "AUROC": 0.8970034982389464,
    "AUPRC": 0.3979362063746656,
    "F1_macro": 0.2544303736370526,
    "Sens@95Spec": 0.009009009009009009
  },
  "gaussian_blur_s3": {
    "AUROC": 0.8939688636912326,
    "AUPRC": 0.38758003576820277,
    "F1_macro": 0.21537918563029704,
    "Sens@95Spec": 0.009009009009009009
  },
  "jpeg_s1": {
    "AUROC": 0.898439044756283,
    "AUPRC": 0.41048419494203453,
    "F1_macro": 0.2852493417867552,
    "Sens@95Spec": 0.009009009009009009
  },
  "jpeg_s2": {
    "AUROC": 0.8985467097525198,
    "AUPRC": 0.4063529194601188,
    "F1_macro": 0.28210493624684146,
    "Sens@95Spec": 0.009009009009009009
  },
  "jpeg_s3": {
    "AUROC": 0.8967410911891759,
    "AUPRC": 0.4030138926175987,
    "F1_macro": 0.2999128536619227,
    "Sens@95Spec": 0.0045045045045045045
  },
  "brightness_contrast_s1": {
    "AUROC": 0.8831069611147544,
    "AUPRC": 0.37615739811439275,
    "F1_macro": 0.2913526418214631,
    "Sens@95Spec": 0.0
  },
  "brightness_contrast_s2": {
    "AUROC": 0.812354727337941,
    "AUPRC": 0.27968196088892283,
    "F1_macro": 0.2372203055160377,
    "Sens@95Spec": 0.009009009009009009
  },
  "brightness_contrast_s3": {
    "AUROC": 0.7425725966726012,
    "AUPRC": 0.23814017839310092,
    "F1_macro": 0.16218276949084495,
    "Sens@95Spec": 0.018018018018018018
  }
}